number_of_authors,age,number_unique_changes,size,lines_added,lines_deleted,buggy,id
1,0,1,118,106,0,0,1534
1,0,1,686,685,0,0,321
1,0,1,342,337,0,0,158
1,0,1,80,79,0,0,182
1,0,1,81,80,0,0,475
1,0,1,80,79,0,0,196
1,0,1,170,169,0,0,399
1,0,1,304,303,0,0,227
1,0,1,226,225,0,0,65
1,0,1,80,79,0,0,341
1,0,1,197,196,0,0,455
1,0,1,80,79,0,0,16
1,0,1,210,204,0,0,280
2,8939,2,611,45,120,0,308
2,8939,2,342,1,1,0,135
2,8939,2,170,2,2,0,391
2,8939,2,317,28,15,0,211
2,8939,2,227,20,19,0,53
1,0,1,193,193,0,0,420
2,8939,2,118,23,23,0,1530
1,0,1,87,87,0,0,82
1,0,1,170,170,0,0,123
2,4227,3,610,13,14,0,326
1,4230,2,193,4,4,0,409
3,1902,4,610,1,1,0,327
3,19761,5,291,21,340,0,314
1,21660,3,328,205,70,0,422
1,0,1,96,95,0,0,92
1,25891,2,93,14,8,0,83
1,21666,2,285,170,55,0,111
3,5629,6,294,5,2,0,318
3,1545,7,289,7,12,0,312
2,33131,3,227,7,7,0,58
2,33131,3,394,58,6,0,146
2,33131,3,322,7,2,0,219
2,33131,3,199,41,12,0,394
2,42070,2,254,71,14,0,450
2,1316,4,402,11,3,0,136
3,9574,3,254,2,2,0,449
2,17381,5,525,130,7,0,166
2,60768,2,210,1,1,0,283
3,9378,4,254,2,2,0,452
1,30187,2,99,8,5,0,96
3,4986,5,254,2,2,0,447
1,0,1,74,74,0,0,255
2,28740,4,387,70,5,0,221
1,1493,2,238,164,0,0,265
3,30298,8,238,2,53,0,330
2,30234,4,205,9,3,0,407
2,1493,5,331,1,57,0,240
2,1398,6,340,11,2,0,216
2,31632,4,212,23,38,0,54
1,5798,3,247,25,16,0,245
2,4400,5,231,20,1,0,46
1,43272,3,284,17,18,0,106
2,4400,7,396,66,10,0,204
1,43272,4,328,16,16,0,414
2,79384,2,80,1,1,0,19
1,1399,4,291,48,4,0,242
1,1399,4,319,41,6,0,102
1,1399,5,363,42,7,0,410
2,1399,6,276,49,4,0,43
2,1399,8,417,21,0,0,200
2,33097,3,165,5,45,0,285
2,14362,9,448,32,1,0,239
3,21561,9,259,29,8,0,329
1,14362,5,301,9,27,0,124
2,14362,7,303,37,10,0,74
1,14362,6,381,29,11,0,439
2,1323,8,305,7,5,0,59
1,1417,7,337,6,50,0,421
2,1417,10,471,23,0,0,213
1,15780,5,303,15,3,0,250
1,1417,6,301,5,5,0,110
1,4142,6,313,13,3,0,241
2,4142,11,547,128,52,0,199
2,4236,9,309,8,4,0,40
1,0,1,14,14,0,0,35
1,12970,8,137,81,281,0,435
1,0,1,156,156,0,0,379
1,43235,3,104,8,3,0,95
1,12970,7,44,21,278,0,121
2,111013,2,83,8,6,0,471
2,31628,3,82,8,6,0,11
2,111013,2,83,10,7,0,177
1,2759,8,127,83,0,0,112
3,17147,10,267,10,2,0,315
2,111013,2,83,8,5,0,337
2,17147,4,166,2,1,0,275
2,111013,2,82,10,8,0,192
1,2759,2,155,0,1,0,361
1,2759,4,106,6,4,0,93
1,2759,2,92,78,0,0,29
2,11587,10,327,41,23,0,56
1,11587,7,322,13,4,0,252
1,2759,9,307,174,4,0,423
1,76182,3,97,7,3,0,85
1,7058,9,187,74,14,0,125
1,7058,3,162,8,1,0,383
2,20387,12,547,1,1,0,235
1,1741,4,279,143,26,0,377
3,8799,11,269,7,5,0,323
1,20120,10,314,12,5,0,438
3,11331,12,283,15,1,0,311
1,20133,8,326,7,3,0,254
2,70381,6,547,39,17,0,147
1,1547,9,353,48,21,0,260
2,12881,13,544,0,3,0,229
1,34724,3,92,4,4,0,33
2,34724,3,83,1,1,0,183
2,34724,11,343,18,2,0,70
1,13043,10,353,4,4,0,262
2,34724,4,82,1,1,0,17
1,14604,11,314,5,5,0,431
2,34724,3,82,1,1,0,197
1,27666,10,187,5,5,0,118
2,34724,5,166,1,1,0,281
1,34724,5,0,0,105,0,94
2,14588,7,547,1,1,0,162
1,34724,4,97,4,4,0,90
1,25924,5,279,6,6,0,372
1,27264,6,279,15,15,0,360
2,40308,14,576,32,0,0,217
1,27264,11,369,19,3,0,251
2,27264,8,542,30,35,0,140
3,41857,13,292,9,0,0,313
2,31687,12,329,0,14,0,61
2,4426,9,545,12,9,0,153
1,10166,12,368,4,5,0,264
2,15831,15,576,1,1,0,210
1,23153,7,283,9,5,0,357
2,50418,6,185,19,0,0,273
3,23153,14,300,8,0,0,307
2,48982,13,340,13,2,0,41
2,50352,10,545,7,7,0,134
3,31628,15,300,10,10,0,305
1,35123,8,353,81,11,0,355
2,4871,14,334,11,17,0,50
1,0,1,130,130,0,0,290
1,0,1,79,79,0,0,484
2,42445,16,517,62,121,0,208
1,48110,13,368,4,4,0,248
1,85541,5,132,38,3,0,80
3,3495,16,279,11,32,0,303
2,934,15,330,1,5,0,42
2,36058,7,191,9,3,0,266
2,1350,16,333,3,0,0,55
2,5787,11,582,81,44,0,143
1,2293,14,368,4,4,0,261
2,2293,17,517,1,1,0,231
1,10982,9,358,12,7,0,359
2,8688,18,555,161,123,0,215
3,10982,17,278,10,11,0,310
2,2854,19,555,1,1,0,220
1,2858,10,377,25,6,0,371
3,196414,6,302,103,54,0,453
2,116687,4,82,7,6,0,195
1,116687,12,352,110,72,0,427
2,28857,12,977,878,482,0,151
1,31146,2,92,22,9,0,489
1,28852,15,416,101,53,0,257
3,20163,18,302,85,60,0,319
1,17305,11,460,187,104,0,368
1,116687,4,91,5,6,0,32
2,151412,3,81,6,7,0,340
1,31146,6,135,15,12,0,88
2,17309,20,648,216,122,0,226
2,30211,8,207,49,32,0,279
2,116687,4,83,7,6,0,181
1,31146,2,145,35,20,0,296
2,190121,5,233,87,58,0,397
2,28860,17,365,100,67,0,63
2,116687,5,83,6,4,0,15
1,116687,11,218,89,58,0,115
2,151412,3,83,7,6,0,474
3,54588,19,305,4,1,0,309
1,55932,12,461,6,5,0,373
1,55932,3,111,24,5,0,490
3,352214,13,984,13,7,0,161
2,381657,13,461,8,8,0,375
2,437590,7,135,7,7,0,91
3,437590,21,648,4,4,0,234
3,437590,4,81,4,4,0,342
2,381657,4,111,7,7,0,491
2,437590,13,352,8,8,0,432
4,383002,20,305,4,4,0,322
4,437590,7,302,4,4,0,459
3,437590,5,83,4,4,0,184
3,437590,6,233,4,4,0,400
3,437590,5,82,4,4,0,198
2,437590,5,91,7,7,0,34
3,437590,6,83,4,4,0,18
2,437590,3,145,7,7,0,297
2,437590,16,416,7,7,0,263
3,437590,18,365,4,4,0,71
3,437590,4,83,4,4,0,476
3,437590,9,207,4,4,0,282
4,85376,14,984,4,4,0,164
2,437590,12,218,8,8,0,119
4,205652,19,320,13,58,0,48
4,205652,5,38,13,58,0,467
5,205652,15,939,13,58,0,130
3,205652,14,307,14,59,0,415
3,205652,13,173,14,59,0,107
4,205652,5,36,13,58,0,333
4,205652,7,38,13,58,0,7
3,205652,17,371,13,58,0,246
5,205652,21,260,13,58,0,301
4,205652,7,188,13,58,0,388
4,205652,22,603,13,58,0,206
3,205652,5,66,13,58,0,482
5,205652,8,257,13,58,0,443
3,205652,4,100,13,58,0,288
4,205652,6,38,13,58,0,173
3,205652,8,90,13,58,0,78
4,205652,6,37,13,58,0,187
3,205652,6,46,13,58,0,26
4,205652,10,162,13,58,0,269
3,205652,14,416,14,59,0,350
5,37624,8,188,1,1,0,406
5,39085,9,188,5,5,1,396
6,76710,9,257,5,5,1,451
1,0,1,216,215,0,1,711
1,0,1,214,213,0,1,904
1,0,1,65,64,0,1,534
4,76710,5,100,5,5,1,295
1,0,1,220,219,0,1,615
4,76710,7,46,5,5,1,31
1,0,1,60,59,0,1,582
6,76710,16,918,13,34,1,150
5,76710,6,36,5,5,1,339
1,0,1,103,102,0,1,792
1,0,1,188,187,0,1,552
1,0,1,172,171,0,1,663
1,0,1,97,96,0,1,510
1,0,1,260,259,0,1,594
1,0,1,232,231,0,1,753
1,0,1,181,180,0,1,743
5,76710,8,38,5,5,1,14
1,0,1,155,154,0,1,697
4,76710,15,416,7,7,1,365
1,0,1,170,169,0,1,688
1,0,1,63,62,0,1,961
4,76710,14,173,6,6,1,114
1,0,1,87,86,0,1,920
4,76710,18,371,35,35,1,256
1,0,1,111,110,0,1,564
1,0,1,110,109,0,1,782
1,0,1,117,116,0,1,625
1,0,1,215,214,0,1,518
1,0,1,133,132,0,1,950
3,973439,3,124,13,7,1,1533
1,0,1,31,30,0,1,939
1,0,1,144,143,0,1,825
5,76710,7,37,5,5,1,194
1,0,1,52,52,0,1,541
1,0,1,471,470,0,1,769
1,0,1,167,166,0,1,606
1,0,1,256,255,0,1,804
5,76710,7,38,5,5,1,180
5,76710,11,162,5,5,1,278
1,0,1,235,234,0,1,836
1,0,1,190,190,0,1,38
1,0,1,41,40,0,1,572
1,0,1,157,156,0,1,526
1,0,1,117,116,0,1,656
1,0,1,148,147,0,1,677
1,0,1,36,35,0,1,969
1,0,1,177,176,0,1,645
6,76710,22,276,38,22,1,317
1,0,1,167,166,0,1,930
1,0,1,22,21,0,1,1544
1,0,1,167,166,0,1,816
4,76710,15,307,6,6,1,425
1,0,1,179,178,0,1,854
1,0,1,480,479,0,1,866
1,0,1,201,200,0,1,635
4,76710,6,66,5,5,1,488
1,0,1,371,370,0,1,728
1,0,1,607,604,0,1,881
5,76710,20,320,23,23,1,62
5,76710,23,606,43,40,1,224
5,76710,6,38,5,5,1,473
4,76710,9,90,5,5,1,87
1,0,1,157,156,0,1,893
1,18628,2,145,7,6,0,824
4,167931,7,66,2,2,0,478
1,167931,2,471,1,1,0,758
5,167931,10,188,1,1,0,385
6,6525,11,209,21,1,0,392
1,191025,2,253,43,4,0,911
1,191028,2,101,14,0,0,916
1,191029,2,140,8,1,0,949
1,197277,2,191,15,1,0,644
1,197277,2,107,10,0,0,509
1,197277,2,76,16,0,0,581
1,197277,2,151,4,1,0,676
1,197277,2,208,30,38,0,710
1,29346,3,485,14,0,0,767
1,197277,2,380,14,5,0,727
1,197277,2,242,9,2,0,835
1,197277,2,268,12,0,0,803
1,197277,2,199,11,0,0,551
1,197277,2,108,5,0,0,791
1,80,3,246,4,0,0,837
1,197358,2,236,5,1,0,754
1,197358,2,224,6,2,0,616
1,80,3,193,3,1,0,646
1,80,3,146,38,0,0,793
1,3641,3,375,1,6,0,726
1,234035,2,261,1,0,0,593
1,36858,4,490,5,0,0,771
1,36777,4,245,0,1,0,838
1,45243,4,157,17,6,0,795
1,8466,5,493,3,0,0,768
1,45617,4,194,2,1,0,647
1,242975,2,202,2,1,0,636
1,242975,2,168,2,1,0,607
1,8940,3,262,2,1,0,595
1,242975,2,118,2,1,0,626
1,45617,3,225,2,1,0,617
1,243161,2,167,2,2,0,815
1,45994,3,236,1,1,0,750
1,9216,5,245,1,1,0,832
1,243352,2,181,1,1,0,740
1,251990,2,612,7,2,0,885
1,0,1,114,113,0,0,1538
4,357942,16,309,4,2,0,419
4,357971,16,417,3,2,0,367
4,9,17,416,2,3,0,376
4,74,18,416,2,2,0,346
6,358071,17,918,2,2,0,152
1,200623,6,500,8,1,0,763
1,443781,2,155,1,3,0,894
1,443781,2,166,2,3,0,931
4,443781,19,372,28,27,0,258
1,443781,2,456,13,37,0,867
6,269324,12,212,10,7,0,398
1,242862,4,373,8,10,0,730
5,443781,21,319,1,2,0,64
6,85710,18,913,11,16,0,156
1,200806,4,221,4,8,0,618
4,85726,19,406,11,21,0,369
1,443781,2,155,1,3,0,527
1,246503,3,197,0,2,0,553
1,443781,2,111,1,1,0,565
6,443781,23,277,1,0,0,320
1,200806,5,194,3,3,0,648
1,443781,2,23,2,1,0,1545
6,445793,7,38,1,1,0,477
6,445793,7,36,1,1,0,343
6,445793,24,606,1,1,0,236
5,445793,15,173,1,1,0,122
5,2011,20,406,1,1,0,381
7,445793,10,257,1,1,0,462
5,87850,17,309,1,1,0,437
7,2011,24,277,1,1,0,325
7,2011,13,212,1,1,0,403
6,445793,12,162,1,1,0,284
1,264530,3,613,2,2,0,880
1,43,4,669,65,9,0,873
1,342622,6,245,2,2,0,829
1,388697,3,151,2,2,0,670
1,342622,4,236,3,3,0,747
1,342813,3,167,3,3,0,809
1,142748,7,504,9,5,0,760
1,142193,4,197,3,3,0,546
1,567346,3,145,3,3,0,819
1,142193,5,373,2,2,0,717
1,342622,3,181,2,2,0,737
1,343373,5,157,3,3,0,786
1,388697,3,268,3,3,0,798
1,0,1,119,118,0,0,500
1,0,1,41,40,0,0,492
1,0,1,37,36,0,0,502
1,0,1,174,173,0,0,496
1,0,1,73,72,0,0,504
1,0,1,227,226,0,0,498
1,0,1,811,810,0,0,494
1,17284,4,157,12,6,0,669
1,53,5,181,26,2,0,679
1,17338,8,517,14,1,0,772
1,57,6,180,1,2,0,674
1,406093,3,213,5,0,0,706
2,415254,3,253,1,1,0,909
2,524646,3,115,21,7,0,924
7,271490,11,257,3,3,0,442
2,1608,4,119,4,0,0,923
2,111003,4,281,31,3,0,910
2,717903,2,43,14,7,0,967
2,717904,2,110,52,5,0,960
2,718098,2,34,6,3,0,940
2,527069,3,200,80,20,0,951
2,193,3,110,1,1,0,962
2,883,5,119,1,1,0,921
2,274385,3,265,117,18,0,932
2,274385,3,196,75,34,0,895
2,718188,2,153,17,43,0,856
2,475259,4,254,23,31,0,592
2,132450,5,197,4,4,0,549
2,258,4,265,4,4,0,928
2,327,4,110,2,2,0,958
2,132450,6,373,3,3,0,722
2,258,4,213,19,2,0,891
2,475450,3,189,51,30,0,604
2,258,6,120,2,1,0,917
2,1141,5,282,2,1,0,902
2,327,4,200,1,1,0,946
2,1572,7,120,2,2,0,919
2,1572,5,193,3,10,0,948
2,204894,5,655,7,21,0,882
2,137069,5,229,6,13,0,756
2,137069,4,265,3,6,0,806
2,137069,4,178,3,6,0,745
2,10273,6,656,109,108,0,874
2,145756,7,248,53,50,0,830
2,128360,7,179,27,28,0,671
2,8687,5,175,35,38,0,738
2,128360,4,226,57,44,0,702
2,13543,3,150,53,56,0,849
2,13306,7,363,93,103,0,718
1,0,1,58,57,0,0,841
2,145756,4,167,40,40,0,810
2,145756,4,138,39,46,0,820
2,287950,5,215,37,43,0,611
2,13306,5,201,32,44,0,888
2,8687,6,221,52,60,0,748
2,287950,3,107,26,30,0,559
2,13306,6,286,73,69,0,898
2,287950,6,194,31,31,0,640
2,145756,6,159,58,56,0,787
2,731731,2,120,19,16,0,651
2,128418,9,517,144,144,0,761
2,11733,8,120,18,18,0,913
2,11733,6,200,45,38,0,943
2,13306,4,187,28,30,0,601
2,13306,5,115,18,13,0,955
2,783,7,303,21,4,0,899
2,783,10,517,1,1,0,762
2,9470,5,251,63,77,0,799
2,783,8,359,3,7,0,719
2,805,8,248,4,4,0,828
2,427,9,375,19,3,0,725
1,1210,2,68,10,0,0,846
2,14707,5,286,33,1,0,591
2,28012,4,163,17,4,0,853
3,175931,5,160,2,5,0,855
3,18,6,160,1,1,0,860
3,145,7,160,1,1,0,861
7,502094,25,617,11,1,0,238
3,215384,8,313,13,3,0,906
7,37534,26,600,1,18,0,222
3,253724,7,639,8,25,0,875
3,257657,8,178,1,2,0,683
3,130354,8,641,3,1,0,878
2,557185,2,0,0,40,0,493
2,557185,2,0,0,810,0,495
2,557185,2,0,0,72,0,505
2,557185,2,0,0,36,0,503
2,557185,2,0,0,173,0,497
2,557185,2,0,0,226,0,499
2,557185,2,0,0,118,0,501
5,699442,20,0,0,372,0,249
6,697430,21,0,0,406,0,356
6,1143223,9,0,0,38,0,10
7,157801,27,0,0,599,0,209
4,1143223,4,0,0,112,0,1529
6,697430,18,0,0,309,0,418
5,1143223,6,0,0,100,0,291
7,697430,14,0,0,211,0,390
5,1143223,10,0,0,90,0,81
7,697430,25,0,0,277,0,304
6,697430,16,0,0,173,0,109
6,1143223,8,0,0,37,0,191
5,975292,8,0,0,66,0,485
6,1143223,8,0,0,38,0,176
7,697430,13,0,0,162,0,271
7,699442,19,0,0,908,0,133
7,697430,8,0,0,38,0,470
7,697430,8,0,0,36,0,336
2,1143223,2,0,0,190,0,37
6,699442,22,0,0,319,0,51
2,785281,2,0,0,113,0,1537
7,425940,12,0,0,257,0,446
5,1143223,8,0,0,46,0,28
2,1234532,2,156,6,5,0,695
2,1234532,2,66,6,5,0,532
2,1234532,2,53,6,5,0,539
3,502801,7,201,6,5,0,945
3,502801,6,116,6,5,0,957
2,1037254,3,77,6,5,0,578
2,790751,3,457,6,5,0,864
3,286633,9,314,6,5,0,901
3,245143,9,179,6,5,0,673
3,502801,6,216,6,5,0,613
3,502017,11,518,6,5,0,765
3,502801,9,121,6,5,0,915
3,501590,6,287,6,5,0,589
2,790751,3,24,6,5,0,1542
2,1234532,2,216,6,5,0,516
3,502801,3,121,6,5,0,654
3,501590,10,376,6,5,0,721
2,991557,3,203,6,5,0,632
2,1234532,2,171,6,5,0,686
3,502801,5,139,6,5,0,822
2,1037254,3,108,6,5,0,507
3,502017,6,252,6,5,0,801
3,502801,5,168,6,5,0,813
2,1234532,2,42,6,5,0,570
3,502801,4,108,6,5,0,561
2,991557,3,119,6,5,0,623
3,502801,7,160,6,5,0,789
3,502801,6,176,6,5,0,741
3,516629,3,44,6,5,0,966
3,502801,5,188,6,5,0,603
2,1234532,2,173,6,5,0,661
2,501590,3,71,14,11,0,843
3,516434,3,35,6,5,0,937
3,516107,5,266,6,5,0,927
3,516107,6,198,6,5,0,548
3,501995,9,249,6,5,0,833
2,1234532,2,111,6,5,0,780
3,118721,9,642,6,5,0,877
2,790751,3,156,6,5,0,524
3,502801,7,195,6,5,0,642
3,502801,5,227,6,5,0,705
3,502801,6,202,6,5,0,890
4,298693,8,161,6,5,0,851
3,502801,7,222,6,5,0,751
3,414359,10,310,0,4,0,905
3,414359,11,374,0,2,0,729
3,414359,10,177,0,2,0,678
3,22,11,309,0,1,0,907
3,198633,12,375,4,3,0,735
3,612992,7,258,7,1,0,807
2,780570,4,203,2,2,0,634
3,823454,6,227,1,1,0,709
2,823456,4,1,1,118,0,624
4,823456,9,1,1,160,0,852
3,823456,4,1,1,34,0,938
3,823456,7,1,1,115,0,959
3,823456,7,1,1,286,0,590
2,823456,3,1,1,155,0,696
2,823456,3,1,1,172,0,662
3,823456,10,1,1,120,0,918
2,823456,4,1,1,155,0,525
3,823456,12,1,1,517,0,766
3,823456,6,1,1,265,0,929
3,823456,4,1,1,120,0,655
2,823456,4,1,1,23,0,1543
3,1,7,1,1,226,0,707
3,823456,6,1,1,138,0,823
3,823456,6,1,1,187,0,605
2,823456,3,1,1,53,0,540
3,823456,8,1,1,159,0,790
3,409074,12,1,1,308,0,903
2,823456,3,1,1,170,0,687
3,823456,8,1,1,221,0,752
2,823456,4,1,1,107,0,508
3,823456,8,1,1,194,0,643
3,823456,4,1,1,43,0,968
3,409097,11,1,1,176,0,675
3,823456,7,1,1,201,0,892
3,823456,10,4,1,638,0,879
2,42886,5,1,1,202,0,633
3,823456,8,1,1,200,0,947
2,823456,3,1,1,215,0,517
3,210464,8,1,1,257,0,802
3,823456,6,1,1,167,0,814
3,823456,5,1,1,107,0,562
2,823456,3,1,1,41,0,571
2,823456,4,1,1,456,0,865
2,823456,4,1,1,76,0,579
3,823456,10,1,1,248,0,834
2,823456,4,1,1,70,0,844
2,823456,3,1,1,65,0,533
3,210464,13,1,1,374,0,723
2,823456,3,1,1,110,0,781
3,823456,7,1,1,197,0,550
3,823456,7,1,1,215,0,614
3,823456,7,1,1,175,0,742
2,18,4,156,155,1,0,699
2,18,4,66,65,1,0,535
2,18,4,53,53,1,0,542
3,18,9,201,200,1,0,952
3,18,8,116,115,1,0,963
2,18,5,77,76,1,0,584
3,18,13,309,308,1,0,908
2,18,5,457,456,1,0,869
3,18,8,216,215,1,0,619
3,18,13,518,517,1,0,774
3,18,11,121,120,1,0,922
3,18,8,287,286,1,0,597
2,18,5,24,23,1,0,1546
2,18,4,216,215,1,0,519
3,18,5,121,120,1,0,657
2,18,4,171,170,1,0,690
3,18,7,139,138,1,0,826
3,18,14,375,374,1,0,732
2,18,5,108,107,1,0,511
3,18,7,168,167,1,0,817
2,18,4,42,41,1,0,573
3,18,6,108,107,1,0,566
2,18,5,119,118,1,0,627
3,18,9,160,159,1,0,794
3,18,8,176,175,1,0,744
3,18,5,44,43,1,0,970
3,18,9,258,257,1,0,805
3,18,7,188,187,1,0,608
2,18,4,173,172,1,0,665
2,18,5,71,70,1,0,847
3,18,5,35,34,1,0,941
3,18,7,266,265,1,0,933
2,18,6,203,202,1,0,637
3,18,12,177,176,1,0,680
3,18,8,198,197,1,0,555
3,18,11,249,248,1,0,839
2,18,4,111,110,1,0,783
3,18,11,642,638,1,0,883
2,18,5,156,155,1,0,528
3,18,8,227,226,1,0,714
3,18,9,195,194,1,0,649
3,18,8,202,201,1,0,896
4,18,10,161,160,1,0,858
3,18,9,222,221,1,0,755
3,4,8,266,28,28,0,934
3,4,9,198,22,22,0,556
3,4,6,44,3,3,0,971
3,4,12,642,1,1,0,884
2,4,5,156,9,9,0,700
3,4,9,287,20,20,0,598
2,4,5,216,51,51,0,520
4,4,11,161,4,4,0,859
2,4,5,42,2,2,0,574
3,4,14,518,1,1,0,776
2,4,5,53,1,1,0,543
2,4,6,457,27,27,0,870
2,4,6,156,17,17,0,529
2,4,6,77,8,8,0,585
2,4,5,66,3,3,0,536
2,4,5,173,7,7,0,666
2,4,6,108,5,5,0,512
3,4,13,177,1,1,0,681
3,4,15,375,3,3,0,733
2,4,5,171,11,11,0,691
2,4,5,111,11,11,0,784
3,480,6,71,70,70,0,845
4,527,10,287,29,29,0,596
3,527,7,457,3,3,0,868
4,527,10,198,7,7,0,554
3,527,6,173,3,3,0,664
3,527,6,156,91,91,0,698
4,527,16,375,3,3,0,731
3,527,6,171,106,106,0,689
5,527,12,161,5,5,0,857
3,114018,7,116,8,0,0,567
4,113486,17,376,2,1,0,734
4,10,18,376,1,1,0,724
3,114028,9,239,12,0,0,708
2,114024,7,87,10,0,0,580
3,10,8,109,0,7,0,563
3,176714,6,234,21,3,0,514
4,176718,6,121,2,2,0,652
4,176718,8,168,1,1,0,811
4,176186,7,165,11,2,0,693
3,62689,8,97,10,0,0,576
4,176186,7,182,13,4,0,659
4,176186,7,180,11,2,0,684
4,62689,10,268,33,4,0,703
4,178136,15,515,5,8,0,773
4,2830,11,275,22,15,0,713
5,179067,11,219,21,0,0,557
4,50,12,282,7,0,0,715
4,179599,10,171,12,1,0,796
4,1459,16,516,1,0,0,777
4,4323,17,526,15,5,0,775
3,183923,6,133,15,1,0,628
4,188202,13,642,1,1,0,872
4,4283,18,527,3,2,0,759
3,188202,7,163,9,2,0,522
4,8628,13,325,51,8,0,712
4,21,19,547,22,2,0,770
3,11509,9,113,16,0,0,583
6,247464,12,223,4,0,0,545
3,427064,7,204,2,1,0,630
4,427064,9,117,1,0,0,954
4,427064,9,217,2,1,0,610
4,427064,8,189,1,0,0,600
4,427060,14,176,0,1,0,668
4,427064,9,204,2,0,0,887
4,427064,10,196,2,1,0,639
4,243141,7,134,3,2,0,621
5,426532,11,288,1,0,0,587
1,0,1,191,191,0,0,0
7,-7,15,212,211,0,0,389
7,-7,20,913,908,0,0,131
2,-914796,6,41,7,8,0,569
3,-914792,10,251,6,13,0,800
4,-1091510,9,167,6,7,0,812
3,-1103020,10,76,13,50,0,577
1,-1377147,2,0,0,191,0,2
5,-1341856,12,286,53,55,0,588
3,-914792,10,200,5,6,0,944
4,-1091510,8,172,19,29,0,660
4,-1028820,19,375,17,18,0,720
4,-1102999,14,641,7,8,0,876
6,-7,9,37,37,0,0,189
3,-914796,7,43,8,9,0,965
4,-1341856,10,115,5,7,0,956
6,-7,23,319,319,0,0,49
6,-1341856,13,197,34,60,0,547
3,-914796,9,265,33,34,0,926
3,-915324,8,456,35,36,0,863
7,-7,9,38,38,0,0,468
5,-7,9,66,66,0,0,483
3,-914792,9,175,5,6,0,739
5,-915324,13,160,14,15,0,850
3,-914792,8,138,5,6,0,821
2,-914796,6,65,8,9,0,531
3,-914792,10,221,5,6,0,749
4,-1341856,11,194,6,8,0,641
4,-7,5,124,112,0,0,1528
4,-1091510,8,170,117,127,0,685
7,-7,13,257,257,0,0,444
3,-914792,12,120,5,6,0,914
7,-7,26,277,277,0,0,302
3,-915272,7,68,67,70,0,842
3,-1341856,8,202,8,10,0,631
6,-7,19,309,309,0,0,416
4,-1103020,20,517,22,52,0,764
2,-914796,6,110,16,17,0,779
3,-1091510,7,215,58,77,0,515
2,-7,3,114,113,0,0,1536
6,-7,9,38,38,0,0,174
4,-1091510,8,155,100,110,0,694
5,-7,11,90,90,0,0,79
3,-914792,14,313,10,6,0,900
3,-1028820,9,107,5,7,0,560
4,-1341856,8,118,8,24,0,622
3,-1102999,8,155,24,32,0,523
2,-914796,6,52,6,7,0,538
4,-1091510,7,120,7,8,0,653
5,-7,21,372,372,0,0,247
2,-7,3,190,190,0,0,36
4,-1341856,9,187,5,7,0,602
4,-1341856,15,178,9,7,0,672
2,-914792,6,23,5,6,0,1541
2,-914796,7,107,10,11,0,506
6,-7,17,173,173,0,0,108
4,-1103020,14,226,30,129,0,704
7,-7,14,162,162,0,0,270
3,-914792,6,34,5,6,0,936
6,-7,10,38,38,0,0,8
6,-7,22,406,406,0,0,353
4,-1341856,10,215,6,8,0,612
4,-1341856,10,201,5,8,0,889
3,-914792,12,248,5,6,0,831
4,-1094391,11,159,6,18,0,788
7,-7,9,36,36,0,0,334
7,-7,28,600,599,0,0,207
5,-7,7,100,100,0,0,289
5,-7,9,46,46,0,0,27
4,8,15,0,0,637,0,886
3,8,11,0,0,75,0,586
3,8,7,0,0,33,0,942
3,8,9,0,0,154,0,530
5,8,14,0,0,159,0,862
3,8,10,0,0,264,0,935
4,8,20,0,0,374,0,736
3,8,15,0,0,312,0,912
2,8,7,0,0,22,0,1547
5,8,13,0,0,285,0,599
4,8,11,0,0,214,0,620
4,8,10,0,0,166,0,818
2,8,7,0,0,109,0,785
4,8,12,0,0,193,0,650
4,8,8,0,0,119,0,658
2,8,8,0,0,106,0,513
4,8,16,0,0,177,0,682
3,8,11,0,0,220,0,757
3,8,8,0,0,42,0,972
3,8,9,0,0,137,0,827
3,8,13,0,0,247,0,840
6,8,14,0,0,196,0,558
3,8,11,0,0,199,0,953
4,8,12,0,0,158,0,797
4,8,9,0,0,154,0,701
3,8,9,0,0,455,0,871
3,8,9,0,0,201,0,638
4,8,9,0,0,169,0,692
2,8,7,0,0,64,0,537
4,8,9,0,0,117,0,629
3,8,11,0,0,250,0,808
3,8,8,0,0,67,0,848
4,8,15,0,0,225,0,716
3,8,10,0,0,174,0,746
3,8,13,0,0,119,0,925
4,8,10,0,0,186,0,609
4,8,11,0,0,114,0,964
4,8,11,0,0,200,0,897
4,8,9,0,0,171,0,667
2,8,7,0,0,52,0,544
4,8,21,0,0,516,0,778
3,8,8,0,0,214,0,521
2,8,7,0,0,40,0,575
3,8,10,0,0,106,0,568
1,12,3,190,190,0,0,3
2,12,4,0,0,190,0,39
6,465371,24,317,36,38,0,67
7,465371,29,635,35,0,0,228
6,476470,20,310,3,2,0,417
6,479490,23,414,8,1,0,374
7,14119,30,646,11,0,0,233
7,481216,16,213,1,0,0,395
7,3302,17,213,1,1,0,402
7,484518,14,265,16,9,0,461
6,19153,25,318,6,5,0,57
5,484525,22,373,6,5,0,253
4,484525,6,125,6,5,0,1532
7,6,15,266,6,5,0,448
5,484525,8,101,6,5,0,292
6,484525,11,39,6,5,0,12
7,484525,10,37,6,5,0,338
6,484525,10,39,6,5,0,178
7,5034,31,647,6,5,0,218
7,484525,15,163,6,5,0,276
7,484525,10,39,6,5,0,472
2,484525,4,115,6,5,0,1540
6,8054,21,311,6,5,0,424
5,484525,10,47,6,5,0,30
5,484525,12,91,6,5,0,86
7,484525,21,914,6,5,0,145
6,484525,10,38,6,5,0,193
5,484525,10,67,6,5,0,487
6,5034,24,415,6,5,0,362
7,484525,27,278,6,5,0,316
6,484525,18,174,6,5,0,113
7,6,18,214,6,5,0,393
7,30,16,259,1,8,0,458
6,30,19,179,6,2,0,117
7,30,32,647,1,1,0,230
6,30,22,312,2,2,0,430
6,11279,25,418,4,1,0,382
5,12909,11,70,3,0,0,486
7,12959,22,918,6,2,0,144
1,505681,4,191,6,5,0,4
7,10708,23,954,53,17,0,165
8,283,24,962,8,0,0,155
7,26359,33,653,7,1,0,202
5,46009,13,100,9,1,0,84
5,4,14,100,4,4,0,75
6,34747,26,418,2,2,0,366
7,19637,34,660,8,1,0,225
7,1,35,660,1,1,0,232
7,6,36,664,8,4,0,212
7,12,37,680,16,0,0,214
7,205331,38,681,8,7,0,205
6,251381,26,321,4,1,0,52
7,251381,16,166,4,1,0,272
7,251381,28,281,4,1,0,306
8,474207,25,962,1,1,0,137
6,452134,27,431,34,21,0,352
6,13,28,432,2,1,0,384
8,7094,26,996,38,4,0,169
7,30638,29,433,2,1,0,378
5,528929,7,126,1,0,0,1527
3,528929,5,101,1,15,0,1535
3,8,6,0,0,100,0,1539
7,529872,20,169,3,13,0,120
7,64,21,117,18,70,0,101
9,24771,27,996,2,2,0,138
8,530058,11,39,9,8,0,335
7,530058,11,40,10,10,0,175
7,530058,12,40,10,10,0,9
8,530058,11,40,10,10,0,469
7,530058,11,39,9,9,0,190
9,36,28,996,1,1,0,168
8,278834,29,269,11,24,0,298
7,2952,22,117,16,16,0,116
7,21693,30,433,1,1,0,349
7,299125,27,325,12,9,0,47
7,114,28,365,40,0,0,60
7,55701,31,418,6,21,0,351
7,76150,12,93,54,0,0,188
7,25,32,422,4,0,0,364
8,354854,39,683,5,3,0,223
6,606234,9,103,2,1,0,293
6,46,10,100,5,8,0,294
7,82,33,421,1,2,0,363
7,76257,12,67,27,0,0,179
8,606321,19,219,15,10,0,405
7,55912,29,366,1,0,0,72
7,3667,34,420,1,2,0,344
8,79925,12,67,27,0,0,464
8,358632,17,167,15,15,0,277
7,79956,13,82,42,0,0,13
8,4740,20,204,38,53,0,401
8,611031,17,246,23,36,0,460
7,614346,23,313,21,20,0,428
7,529,24,298,10,25,0,433
7,15,25,298,2,2,0,429
7,63,26,303,10,5,0,426
7,49,27,273,18,48,0,408
6,570318,15,95,16,21,0,76
6,10052,11,102,11,9,0,286
7,1297,28,273,16,16,0,412
8,6317,18,169,10,8,0,267
7,6317,14,84,5,3,0,5
8,5270,18,247,12,11,0,440
6,616332,11,48,7,7,0,24
8,5270,21,203,11,12,0,386
6,616332,23,367,21,28,0,243
8,10098,40,675,75,83,0,201
8,86116,30,260,24,33,0,299
8,86274,12,39,1,1,0,331
7,10123,13,94,2,1,0,185
6,603423,12,76,14,9,0,479
9,86270,29,974,94,116,0,127
7,6348,35,400,52,72,0,347
7,10016,13,68,2,1,0,171
7,83411,23,114,16,19,0,104
7,9797,30,365,21,22,0,44
8,6348,13,68,2,1,0,465
8,68115,19,247,13,13,0,445
7,70551,29,277,23,19,0,434
5,237283,8,0,0,114,0,1531
8,175107,20,246,0,1,0,463
8,243222,22,202,0,1,0,404
8,4466,21,247,14,13,0,457
7,247689,31,386,21,0,0,68
9,247757,30,979,5,0,0,149
1,871452,5,0,0,191,0,1
8,28667,22,247,1,1,0,454
9,45852,31,980,6,5,0,132
9,1403,32,978,1,3,0,167
9,0,33,979,2,1,0,154
9,1433,34,986,7,0,0,148
9,8,35,990,4,0,0,170
9,10328,36,990,4,4,0,159
9,15,37,989,1,2,0,126
9,3,38,989,1,1,0,141
10,10867,39,989,2,2,0,163
6,331152,24,370,18,15,0,259
7,433654,36,400,1,1,0,380
8,433654,31,286,26,0,0,324
7,363103,30,297,30,10,0,436
1,0,1,54,53,0,0,22
11,116573,40,1072,83,0,0,139
7,187214,32,385,1,2,0,66
8,158547,23,238,9,18,0,456
7,95,33,386,2,1,0,69
11,753,41,1074,6,4,0,160
1,2838,2,84,31,1,0,21
11,1597,42,1074,2,2,0,157
11,211,43,995,0,79,0,142
7,5202,37,407,7,0,0,358
8,438857,19,176,9,2,0,274
8,5875,32,313,29,2,0,328
8,439529,41,707,33,1,0,237
1,0,1,591,590,0,0,100
8,534550,34,386,1,1,0,73
6,988073,16,100,8,3,0,89
1,548543,2,597,8,2,0,99
7,549215,38,410,8,5,0,370
11,551388,44,1023,38,10,0,129
7,554977,31,298,1,0,0,411
7,558,39,411,1,0,0,345
7,988632,24,115,1,0,0,103
6,988632,12,49,1,0,0,23
7,153,40,411,1,1,0,354
1,727,3,681,86,2,0,98
6,989301,13,74,4,6,0,481
6,658218,25,0,0,369,0,244
1,0,1,115,114,0,0,1113
1,0,1,707,706,0,0,1212
7,584,41,0,0,410,0,348
7,989371,15,0,0,83,0,6
1,570,4,0,0,680,0,97
1,0,1,39,38,0,0,1376
1,0,1,176,175,0,0,1300
8,549841,42,0,0,706,0,203
1,0,1,49,48,0,0,1005
1,0,1,202,201,0,0,1419
1,0,1,94,93,0,0,1191
1,0,1,1023,1018,0,0,1134
1,0,1,313,312,0,0,1347
7,738,32,0,0,297,0,413
1,0,1,681,680,0,0,1071
6,989371,12,0,0,101,0,287
8,746148,23,0,0,201,0,387
6,1297,17,0,0,99,0,77
1,552878,3,0,0,83,0,20
1,0,1,102,101,0,0,1320
8,549841,33,0,0,312,0,300
7,738,25,0,0,114,0,105
1,0,1,370,369,0,0,1269
7,989371,14,0,0,93,0,186
6,69,14,0,0,73,0,480
1,0,1,84,83,0,0,974
1,0,1,68,67,0,0,1179
7,989371,14,0,0,67,0,172
8,550513,20,0,0,175,0,268
11,1173,45,0,0,1018,0,128
1,0,1,238,237,0,0,1462
1,0,1,100,99,0,0,1056
8,989371,14,0,0,67,0,466
1,0,1,68,67,0,0,1490
1,0,1,298,297,0,0,1440
8,989371,13,0,0,38,0,332
1,0,1,411,410,0,0,1387
1,0,1,74,73,0,0,1501
8,19821,35,0,0,385,0,45
8,554467,24,0,0,237,0,441
6,738,13,0,0,48,0,25
1,0,1,386,385,0,0,1020
1,0,1,84,83,0,0,988
1,47,2,177,1,0,0,1318
1,47,2,373,5,2,0,1291
1,47,2,1023,3,3,0,1174
1,47,2,314,1,0,0,1373
1,47,2,389,7,4,0,1050
1,47,2,708,2,1,0,1259
1,363,2,101,6,7,0,1336
1,794,2,682,3,2,0,1079
1,794,2,423,22,10,0,1395
1,537,3,431,12,4,0,1390
1,537,3,690,11,3,0,1075
1,5009,3,376,6,3,0,1272
1,5013,3,1025,11,9,0,1146
1,4,4,376,1,1,0,1273
1,5013,3,706,3,5,0,1222
1,25369,4,1021,7,11,0,1137
1,52,5,1014,7,13,0,1156
1,20332,6,1046,33,1,0,1144
1,8,7,1046,12,12,0,1143
2,131200,4,706,2,2,0,1245
1,189377,5,378,2,0,0,1275
2,104,6,378,1,1,0,1270
1,194630,3,389,3,3,0,1029
1,363466,3,180,7,4,0,1297
1,237692,4,387,4,6,0,1031
1,432370,2,202,2,2,0,1424
2,237826,7,378,3,3,0,1279
2,296109,5,706,2,2,0,1227
1,381728,8,1041,16,21,0,1162
1,432552,2,94,1,1,0,1198
2,182,6,706,7,7,0,1242
1,432188,3,99,3,5,0,1328
1,432505,3,310,17,21,0,1363
1,69039,4,180,7,7,0,1309
1,182,5,382,11,16,0,1038
1,432552,2,84,4,4,0,995
1,431219,4,690,11,11,0,1091
1,19,9,1049,14,6,0,1141
1,19,6,383,2,1,0,1024
1,19,4,312,4,2,0,1351
1,120,10,1047,18,20,0,1164
1,120,5,313,3,2,0,1364
2,12034,6,313,2,2,0,1359
2,2,7,308,1,6,0,1342
2,444786,2,73,5,0,0,1498
2,12234,3,89,5,0,0,1001
2,444786,2,73,5,0,0,1188
2,444786,2,44,5,0,0,1384
2,12234,3,99,5,0,0,1203
2,444786,2,89,5,0,0,983
2,15,4,89,1,1,0,993
2,444804,2,50,1,0,0,1006
2,2,3,53,4,1,0,1014
2,12237,7,383,2,2,0,1049
2,17,8,383,1,1,0,1052
2,12495,5,690,56,56,0,1080
2,12364,11,1047,15,15,0,1145
2,61290,4,98,6,7,0,1195
2,281644,5,98,6,6,0,1190
2,342919,5,89,9,9,0,987
2,342992,8,308,1,1,0,1345
2,342894,9,383,1,1,0,1019
2,355169,7,706,1,1,0,1211
2,342664,12,1047,2,2,0,1133
2,3,13,1047,3,3,0,1160
1,786392,4,431,1,1,0,1404
3,580445,6,690,1,1,0,1070
2,461026,14,1082,37,5,0,1148
2,188,15,1082,9,9,0,1140
1,1248939,2,298,9,9,0,1443
1,1248939,2,115,2,2,0,1116
1,461214,5,423,15,23,0,1392
1,1248939,2,234,3,7,0,1468
2,128412,6,423,3,3,0,1398
2,944981,3,202,2,2,0,1425
2,128436,3,242,15,7,0,1466
3,589653,8,706,1,1,0,1215
2,944822,4,107,9,1,0,1321
2,1377375,2,81,7,0,0,1502
2,24,7,425,4,2,0,1388
3,589667,6,90,1,0,0,1003
2,14,8,427,4,2,0,1414
3,129398,16,1082,2,2,0,1176
2,962,5,107,1,1,0,1338
2,962,3,81,1,1,0,1519
3,9,17,1088,9,3,0,1136
4,352865,7,694,6,2,0,1108
2,976,9,427,2,2,0,1400
3,19,18,1088,1,1,0,1155
4,275,8,694,1,1,0,1086
3,1259,9,708,4,2,0,1234
2,268,10,427,1,1,0,1402
3,897,10,712,9,5,0,1207
3,1499,19,1096,12,4,0,1135
2,130926,3,116,1,0,0,1114
2,130926,3,299,1,0,0,1441
2,1566,4,81,1,1,0,1511
2,1566,6,107,1,1,0,1330
2,2538,4,245,13,10,0,1481
2,2577,4,202,3,3,0,1420
3,65,20,1096,2,2,0,1149
3,21,21,1099,16,13,0,1154
3,1396,11,727,16,1,0,1226
3,948559,8,395,17,0,0,1277
2,1038,5,74,0,7,0,1505
2,1038,7,100,0,7,0,1324
3,2748,11,428,1,0,0,1415
3,593662,10,384,1,0,0,1034
2,948834,5,181,1,0,0,1302
3,1520,4,300,1,0,0,1444
3,593665,9,309,1,0,0,1352
4,457,12,731,4,0,0,1219
3,1520,4,117,1,0,0,1117
3,13,10,311,2,0,0,1348
3,1505,5,202,8,8,0,1428
3,593715,6,98,2,2,0,1205
3,514,9,395,3,3,0,1281
3,1529,5,245,4,4,0,1473
4,56,13,731,2,2,0,1233
4,9921,11,324,15,2,0,1366
4,9879,14,732,1,0,0,1244
3,10149,12,428,1,1,0,1416
3,10146,5,117,1,1,0,1128
3,946726,4,53,1,1,0,1015
3,10146,5,300,1,1,0,1460
1,0,1,22,21,0,0,1521
4,10110,7,97,1,2,0,1189
1,10,2,24,2,0,0,1520
4,224,12,322,8,10,0,1344
3,10103,6,245,1,1,0,1461
3,946760,3,72,1,2,0,1489
3,14157,7,89,1,2,0,986
4,12912,9,693,1,2,0,1067
3,13,13,427,1,2,0,1385
2,10604,6,73,1,2,0,1500
3,946760,3,88,1,2,0,973
3,10112,6,199,7,10,0,1417
4,10163,11,381,7,10,0,1018
2,1391547,2,99,1,2,0,1055
4,224,15,731,7,8,0,1208
3,10160,6,180,1,2,0,1299
3,946760,3,72,1,2,0,1178
3,13,6,299,1,2,0,1437
3,11594,22,1097,1,3,0,1130
3,13,6,116,1,2,0,1112
2,10604,8,99,1,2,0,1319
3,13,5,52,1,2,0,1004
3,946760,3,43,1,2,0,1375
3,10103,10,393,6,8,0,1268
4,4089,12,381,3,3,0,1053
3,6721,7,203,15,11,0,1434
4,6721,16,919,188,0,0,1260
3,6721,11,395,2,0,0,1292
4,165,17,927,8,0,0,1220
4,412,18,930,4,1,0,1241
4,7300,13,322,2,2,0,1362
3,7371,23,1097,1,1,0,1177
3,1634,12,396,1,0,0,1294
4,1056,19,931,1,0,0,1265
3,8796,14,427,1,1,0,1393
3,8796,7,116,1,1,0,1118
4,7062,20,963,53,21,0,1267
3,8697,8,203,2,2,0,1435
3,7062,13,396,1,1,0,1296
4,661,21,984,22,1,0,1229
3,681,14,397,5,4,0,1271
4,19,22,1015,34,3,0,1217
4,401251,23,1004,6,17,0,1256
2,417442,9,100,4,3,0,1329
4,133,24,1007,9,6,0,1235
4,1107067,15,397,1,1,0,1282
4,1123197,7,299,1,1,0,1450
5,1115897,14,322,4,4,0,1357
4,29,16,397,1,1,0,1280
5,705712,25,1007,1,1,0,1231
4,1123197,8,89,1,1,0,992
4,1123197,7,180,1,1,0,1305
5,900,26,1007,1,1,0,1209
4,51576,17,397,16,16,0,1293
4,51588,8,299,1,1,0,1448
5,1174785,10,693,1,1,0,1082
5,50687,27,1007,1,1,0,1230
4,1167414,24,1097,7,7,0,1153
4,1166019,15,431,6,2,0,1386
4,29,9,298,1,2,0,1439
4,1159396,9,208,15,10,0,1418
5,29,11,695,2,0,0,1069
4,29,25,1097,2,2,0,1132
5,29,28,1007,1,1,0,1210
4,3,26,1101,5,1,0,1142
5,161,10,295,2,5,0,1449
4,1174977,7,242,1,4,0,1465
5,166,12,695,1,1,0,1110
5,104348,15,327,6,1,0,1343
5,7473,16,328,2,1,0,1374
5,552068,16,431,1,1,0,1396
5,1722794,13,381,2,2,0,1028
4,649577,8,180,2,2,0,1310
5,537755,17,327,1,2,0,1365
5,51733,18,346,19,0,0,1355
5,7,19,367,26,5,0,1358
5,0,20,368,1,0,0,1341
5,680871,29,1016,9,0,0,1246
5,710105,13,703,9,1,0,1073
5,557,14,708,6,1,0,1094
5,231975,15,708,1,1,0,1068
5,942642,11,295,1,1,0,1438
6,403892,14,419,38,0,0,1051
7,17305,15,426,11,4,0,1054
2,2153799,3,24,2,2,0,1523
7,23457,16,549,146,23,0,1021
7,2573,17,549,7,7,0,1039
5,1029275,8,261,20,1,0,1478
5,138,9,262,1,0,0,1477
5,143642,16,708,1,1,0,1085
5,56871,10,242,1,21,0,1472
5,419091,30,1015,1,2,0,1238
4,2266309,8,116,3,3,0,1115
5,502330,9,180,3,3,0,1301
5,13842,11,242,5,5,0,1467
5,2275105,8,97,2,2,0,1192
5,157485,12,295,8,8,0,1442
3,1857663,10,100,2,2,0,1322
5,548221,17,431,18,18,0,1391
6,450589,21,368,6,6,0,1350
5,1100290,10,208,2,2,0,1421
5,13842,17,708,31,31,0,1076
3,2275105,7,73,1,1,0,1503
5,1151908,9,89,2,2,0,989
6,326,31,1015,5,5,0,1216
7,100991,18,549,16,16,0,1023
5,1100286,27,1101,24,24,0,1139
5,0,28,1101,38,38,0,1150
5,0,10,180,3,3,0,1304
5,0,18,431,9,9,0,1397
5,0,13,295,5,5,0,1447
4,2275105,4,88,2,2,0,976
4,0,9,116,1,1,0,1119
5,0,18,708,20,20,0,1081
4,2275105,4,72,2,2,0,1491
6,0,22,368,7,7,0,1356
5,1100331,18,397,12,12,0,1276
5,0,10,89,2,2,0,991
5,0,12,242,9,9,0,1471
6,0,32,1015,18,18,0,1225
5,0,11,208,3,3,0,1422
3,0,8,73,1,1,0,1507
7,0,19,549,23,23,0,1030
3,0,11,100,3,3,0,1325
4,2275105,4,43,1,1,0,1377
4,2275105,6,52,3,3,0,1007
5,0,9,97,3,3,0,1194
4,2275105,4,72,2,2,0,1181
5,5325,13,262,21,1,0,1479
5,5051,14,263,1,0,0,1470
6,14025,11,178,0,2,0,1308
4,14025,12,99,0,1,0,1327
6,14025,19,430,0,1,0,1405
3,2289131,3,97,0,2,0,1059
6,14025,11,88,1,2,0,994
5,14025,5,41,0,2,0,1379
6,14025,29,1099,0,2,0,1161
6,14025,19,396,1,2,0,1284
5,14025,10,115,0,1,0,1122
5,14025,5,86,0,2,0,978
7,14025,23,366,0,2,0,1361
3,135331,4,22,0,2,0,1524
5,14025,5,70,0,2,0,1493
8,14025,20,547,0,2,0,1036
5,14025,7,51,0,1,0,1009
5,14025,5,70,0,2,0,1183
6,3649,15,261,0,2,0,1476
4,14025,9,71,0,2,0,1510
6,14025,10,95,0,2,0,1197
6,14025,14,294,0,1,0,1452
6,14025,19,707,1,2,0,1089
6,14025,12,206,0,2,0,1427
7,14025,33,1013,0,2,0,1239
6,-1557,30,1101,2,0,0,1168
6,-1557,12,180,2,0,0,1313
6,-1557,20,431,1,0,0,1410
6,-1557,15,295,1,0,0,1456
6,-1557,6,88,2,0,0,980
6,-1557,11,116,1,0,0,1125
6,-1557,20,708,2,1,0,1101
6,-1557,6,72,2,0,0,1495
7,-1557,16,264,13,10,0,1485
7,-1557,24,368,2,0,0,1369
6,-1557,20,397,2,1,0,1287
6,-1557,12,89,2,1,0,998
7,-1557,34,1015,2,0,0,1249
6,-1557,13,208,2,0,0,1431
5,-1557,10,73,2,0,0,1515
8,-1557,21,549,2,0,0,1042
5,-1557,13,100,1,0,0,1333
6,-1557,6,43,2,0,0,1381
4,-1557,4,99,2,0,0,1062
6,-1557,8,52,1,0,0,1011
7,-1557,11,97,2,0,0,1200
6,-1557,6,72,2,0,0,1185
3,-1557,5,24,2,0,0,1525
6,1612,13,178,0,2,0,1314
5,1612,14,99,0,1,0,1334
6,1612,21,430,0,1,0,1411
4,1612,5,97,0,2,0,1063
6,1612,13,88,1,2,0,999
6,1612,7,41,0,2,0,1382
6,1612,31,1099,0,2,0,1169
6,1612,21,396,1,2,0,1288
6,1612,12,115,0,1,0,1126
6,1612,7,86,0,2,0,981
7,1612,25,366,0,2,0,1370
3,1612,6,22,0,2,0,1526
6,1612,7,70,0,2,0,1496
8,1612,22,547,0,2,0,1043
6,1612,9,51,0,1,0,1012
7,1612,17,262,0,2,0,1486
6,1612,7,70,0,2,0,1186
5,1612,11,71,0,2,0,1516
7,1612,12,95,0,2,0,1201
6,1612,16,294,0,1,0,1457
6,1612,21,707,1,2,0,1102
6,1612,14,206,0,2,0,1432
7,1612,35,1013,0,2,0,1250
7,11506,22,752,54,9,0,1098
8,55007,23,782,31,1,0,1074
8,141527,26,366,3,3,0,1349
9,145698,23,547,68,68,0,1017
8,369005,18,262,1,1,0,1480
8,501056,19,263,2,1,0,1463
4,881671,6,97,4,4,0,1064
8,815157,24,782,4,4,0,1103
9,735973,24,547,10,10,0,1044
6,881671,22,430,4,4,0,1412
9,1178062,27,366,5,5,0,1368
6,1319589,15,99,1,1,0,1332
7,1319589,22,396,1,1,0,1286
8,449527,20,263,1,1,0,1484
7,1319589,32,1099,30,30,0,1167
8,1319589,36,1013,57,57,0,1248
5,437918,7,97,2,2,0,1061
7,1319589,14,88,1,1,0,997
7,1319589,14,178,9,9,0,1312
7,1319589,15,206,4,4,0,1430
6,1319589,12,71,1,1,0,1514
7,1319589,17,294,3,3,0,1455
7,437918,23,430,12,12,0,1409
9,437918,25,782,12,12,0,1100
9,227236,28,366,7,7,0,1340
7,1546826,13,115,1,1,0,1111
9,227236,26,782,1,1,0,1066
7,227236,15,178,1,1,0,1298
7,227236,18,294,1,1,0,1436
8,227236,37,1013,2,2,0,1206
10,665155,25,547,3,3,0,1016
7,227236,33,1099,4,4,0,1129
9,1,27,784,2,0,0,1092
7,1,34,1100,1,0,0,1163
10,1,26,548,1,0,0,1040
7,227238,24,432,2,0,0,1406
9,2,28,784,3,3,0,1099
8,227240,21,263,1,1,0,1483
9,6,29,366,1,1,0,1353
9,2,29,781,6,9,0,1093
8,259878,22,263,1,1,0,1464
9,273554,38,1013,1,1,0,1262
8,541155,16,206,15,15,0,1433
8,313919,19,294,15,15,0,1458
7,541155,13,71,15,15,0,1517
8,541155,23,396,15,15,0,1289
9,40364,39,1013,15,15,0,1251
8,313919,16,178,15,15,0,1315
8,54036,23,263,16,16,0,1487
8,313919,14,115,15,15,0,1127
10,313912,30,781,15,15,0,1104
7,1860745,10,51,15,15,0,1013
7,1860745,8,86,15,15,0,982
8,313917,25,432,15,15,0,1413
7,1860745,8,70,15,15,0,1187
7,541155,16,99,15,15,0,1335
8,541155,15,88,15,15,0,1000
8,1860745,13,95,15,15,0,1202
7,1860745,8,41,15,15,0,1383
6,541155,8,97,15,15,0,1065
9,313912,30,366,15,15,0,1371
7,1860745,8,70,15,15,0,1497
8,313917,35,1100,15,15,0,1170
11,313917,27,548,15,15,0,1045
8,28700,36,1100,3,3,0,1165
8,23,37,1100,1,1,0,1138
10,28734,31,781,1,1,0,1107
9,28734,40,1013,1,1,0,1261
8,11,38,1100,2,2,0,1175
11,60613,28,548,3,3,0,1025
8,60678,24,263,3,3,0,1488
8,31953,39,1100,1,1,0,1152
11,73,29,548,1,1,0,1032
8,60687,26,432,1,1,0,1399
7,89221,14,71,2,2,0,1506
10,66900,32,777,9,13,0,1088
8,34957,25,260,9,12,0,1475
8,95635,17,174,2,6,0,1307
7,6413,15,71,1,1,0,1509
10,211329,33,777,2,2,0,1084
11,339892,30,469,89,168,0,1041
8,339892,27,360,76,148,0,1408
8,400580,15,91,30,54,0,1123
8,400580,17,194,68,80,0,1429
8,400580,9,77,10,19,0,979
8,400580,9,63,9,16,0,1494
8,400580,9,62,8,16,0,1184
9,400580,14,86,12,21,0,1199
8,400580,24,357,45,84,0,1285
8,400580,20,244,78,128,0,1453
7,400580,17,85,14,28,0,1331
8,400580,11,50,13,14,0,1010
8,400580,16,83,8,13,0,996
8,304945,26,209,50,101,0,1482
9,400580,31,337,30,59,0,1367
8,400580,9,38,3,6,0,1380
8,339892,40,943,163,320,0,1166
8,304945,18,156,19,37,0,1311
7,304945,16,61,10,20,0,1512
9,371845,41,888,143,268,0,1247
6,400580,9,85,23,35,0,1060
10,93615,34,629,153,301,0,1097
8,3,28,360,86,86,0,1394
8,3,27,209,99,99,0,1469
7,3,18,85,20,20,0,1323
8,3,21,244,48,48,0,1446
8,3,25,357,138,138,0,1274
9,3,42,888,517,517,0,1223
10,3,35,629,309,309,0,1078
11,3,31,469,237,237,0,1027
8,3,19,156,23,23,0,1303
9,3,32,337,104,104,0,1354
8,3,10,77,14,14,0,975
8,3,17,83,23,23,0,990
8,3,10,62,8,8,0,1180
9,3,15,86,29,29,0,1193
8,3,41,943,334,334,0,1147
7,3,17,61,16,16,0,1504
10,204,36,629,1,1,0,1096
8,204,29,360,1,1,0,1407
9,211,43,888,1,1,0,1218
8,1523,10,64,9,8,0,1499
8,1524,20,156,4,4,0,1306
8,1524,42,943,12,12,0,1159
9,1524,33,337,2,2,0,1360
8,1527,12,50,2,2,0,1008
8,1527,10,38,1,1,0,1378
8,1527,16,91,2,2,0,1121
8,3,11,64,2,2,0,1492
8,1527,18,194,5,5,0,1426
8,1524,11,62,2,2,0,1182
7,1524,18,61,2,2,0,1508
8,1320,30,360,20,20,0,1403
8,1524,11,77,2,2,0,977
9,1524,16,86,2,2,0,1196
11,1524,32,469,16,16,0,1035
7,1524,19,85,5,5,0,1326
8,1524,28,209,18,18,0,1474
8,1524,26,357,13,13,0,1283
6,1527,10,85,5,5,0,1058
10,1320,37,629,12,12,0,1087
9,1313,44,888,12,12,0,1237
8,1524,22,244,18,18,0,1451
8,4,12,83,14,8,0,984
8,1533,18,83,1,1,0,1002
8,9,21,156,1,1,0,1317
9,9,34,337,6,6,0,1372
11,9,33,469,1,1,0,1047
10,9,38,629,1,1,0,1105
9,9,17,86,1,1,0,1204
9,9,45,890,14,12,0,1254
8,9,43,943,9,9,0,1172
6,156,11,86,5,4,0,1057
8,155,13,83,6,6,0,985
8,151,44,940,0,3,0,1131
9,152,46,890,1,1,0,1243
9,0,47,890,1,1,0,1232
11,152,34,469,2,2,0,1033
4,2263841,7,22,1,1,0,1522
11,1047,35,465,1,5,0,1026
9,1047,48,887,1,4,0,1221
8,1209,23,244,12,12,0,1445
9,72,49,888,19,18,0,1258
8,73,24,244,1,1,0,1459
9,1,50,888,13,13,0,1253
8,1122,45,940,1,1,0,1171
8,1283,27,357,1,1,0,1290
8,1274,22,156,1,1,0,1316
11,73,36,465,2,2,0,1046
8,0,46,940,5,5,0,1173
8,3763,17,91,1,1,0,1124
8,2480,25,244,1,1,0,1454
7,3763,19,67,6,0,0,1513
7,2,20,67,1,1,0,1518
9,2489,51,885,12,15,0,1263
7,3772,20,84,11,12,0,1337
9,13,52,886,41,40,0,1266
7,13,21,84,1,1,0,1339
8,2502,28,358,32,31,0,1295
9,3,53,877,7,16,0,1257
10,19735,39,778,155,6,0,1077
10,5,40,779,15,14,0,1083
10,0,41,777,2,4,0,1095
10,2,42,777,3,3,0,1090
9,17809,54,877,2,2,0,1264
10,1847,43,777,112,112,0,1072
9,2313,55,889,13,1,0,1252
9,7,56,890,13,12,0,1224
8,23923,31,360,1,1,0,1389
9,2925,57,896,10,4,0,1236
8,25648,47,940,2,2,0,1157
8,3014,32,359,1,2,0,1401
8,23174,18,90,1,2,0,1120
8,5,48,939,1,2,0,1158
11,26984,37,465,7,7,0,1048
9,1423,58,896,1,1,0,1255
10,6668,44,777,5,5,0,1106
9,13,59,896,1,1,0,1228
9,280714,60,896,3,3,0,1213
11,280729,38,467,3,1,0,1022
9,1,61,898,3,1,0,1214
11,216081,39,456,4,15,0,1037
9,216081,62,901,5,2,0,1240
10,547258,45,777,2,2,0,1109
9,608767,35,334,2,5,0,1346
8,675352,49,939,1,1,0,1151
8,702291,19,193,0,1,0,1423
8,698505,29,358,1,1,0,1278
